Institute ID,State,City,Institute Name, TLR(2017,RPC(2017),GO(2017),OI(2017),PERCEPTION(2017),Score(2017),Rank(2017),TLR(2016),RPC(2016),GO(2016),OI(2016),PERCEPTION(2016),Score(2016),Rank(2016),RPC(2019),GO(2019),OI(2019),PERCEPTION(2019),Score(2019),Rank(2019),RPC(2018),GO(2018),OI(2018),PERCEPTION(2018),Score(2018),Rank(2018),TLR(2018),TLR(2020),RPC(2020),GO(2020),OI(2020),PERCEPTION(2020),Score(2020),Rank(2020),TLR(2021),RPC(2021),GO(2021),OI(2021),PERCEPTION(2021),Score(2021),Rank(2021),TLR(2022),RPC(2022),GO(2022),OI(2022),PERCEPTION(2022),Score(2022),Rank(2022),TLR(2023),RPC(2023),GO(2023),OI(2023),PERCEPTION(2023),Score(2023),Rank(2023),TLR(2024),RPC(2024),GO(2024),OI(2024),PERCEPTION(2024),Score(2024),Rank(2024),TLR(2025),RPC(2025),GO(2025),OI(2025),PERCEPTION(2025),Score(2025),Rank(2025)
IR17-I-2-18243,Karnataka,Bengaluru,Indian Institute of Science Bangalore,83.11,87.59,87.97,61.48,83.33,83.28,1,88.26,94.02,81.81,86.11,98,89.41,1,83.53,87.13,66.08,94.14,83.88,1,91.08,75.48,43.7,100,82.16,1,84.54,85.61,92.51,86.32,63.57,97.13,86.76,1,85.61,92.51,86.32,63.57,97.13,86.76,1,86.56,91.98,89.36,62.95,98.75,87.59,1,86.45,89.88,87.22,63.59,100,86.69,1,88.37,87.3,85.76,65.68,100,86.42,1,90.58,88.02,87.01,63.34,100,87.31,1
IR17-I-1-1-77,Tamil Nadu,Chennai,Indian Institute of Technology Madras,69.49,72.6,84.02,76.75,68.7,73.97,2,85.93,94.14,84.97,74.84,99,87.66,2,89.24,78.57,48.47,100,82.28,2,81.42,85.36,64.81,86.61,81.39,2,82.49,79.13,91.48,78.23,58.39,100,82.67,2,79.13,91.48,78.23,58.39,100,82.67,2,82.08,87.45,84.8,57.46,100,83.57,2,82.43,88.45,80.57,59.23,97.94,83.09,2,83.6,86.5,82.17,58.46,99.7,83.28,2,86.47,88.16,83.69,60.29,98.41,85,2
IR17-I-2-18633,Maharashtra,Mumbai,Indian Institute of Technology Bombay,64.68,78.14,70.07,65.8,83.44,71.78,3,76.23,92.68,83.95,78.05,97,83.91,3,82.98,79.14,58.58,86.14,78.69,3,85.59,81.53,48.53,79.61,79.2,3,81.34,83.52,87.81,80.86,57.48,91.96,82.52,3,83.52,87.81,80.86,57.48,91.96,82.52,3,85.55,84.09,83.08,59.54,88.8,82.35,3,82.06,85.23,79.21,70.32,90.98,82.16,3,83.85,82.35,83.36,59.05,89.32,81.37,3,83.79,83.05,86.04,60.13,83.35,81.62,3
IR17-I-2-18630,West Bengal,Kharagpur,Indian Institute of Technology Kharagpur,55.07,70.46,85.11,72.85,64.72,68.43,4,80.27,91.62,74.72,66.17,98,82.02,4,84.36,82.31,50.68,86.92,78.62,4,78.67,74.91,60.96,72.79,73.97,4,73.38,84.02,84.46,75.07,67.97,93.89,81.75,4,84.02,84.46,75.07,67.97,93.89,81.75,4,81.98,84.81,79.36,70.07,93.08,82.22,4,80.71,86.14,84.26,58.76,84.98,81.28,4,76.57,86.23,77.48,66.23,93.48,80.31,4,80.52,86.67,74.71,63.54,92.23,80.67,4
IR17-I-2-1-79,Delhi,New Delhi,Indian Institute of Technology Delhi,55.45,68.48,65.92,68.69,69.53,64.18,5,66.08,93.52,85.62,70.59,98,81.07,5,76.65,86.17,60.63,78.11,74.31,5,74.57,83.99,56.16,62.12,71.39,5,67.96,80.5,75.23,80.74,56.97,79.3,76.5,5,80.5,75.23,80.74,56.97,79.3,76.5,5,86.9,70.55,83.89,60.26,77.86,77.83,5,85.45,72.94,83.62,60.24,69.84,77.23,5,89.84,69.09,81.96,60.83,74.12,77.56,5,86.36,72.12,82.01,60.38,72.56,77.25,5
IR17-I-2-1-319,Delhi,New Delhi,Jawaharlal Nehru University,62.11,33.96,98.71,82.4,47.27,61.53,6,67.83,83.5,81.61,76.59,96,78.68,6,69.61,69.96,50.39,75.68,69.07,6,42.6,99.12,79.32,46.28,67.57,6,74.71,74.25,76.23,83.23,55.35,82.92,75.62,6,74.25,76.23,83.23,55.35,82.92,75.62,6,77.66,75.66,81.92,55.85,79.82,75.94,6,76.47,67.75,70.46,72.72,75.23,72.14,6,76.65,74.94,80.18,57.29,75.24,74.77,6,77.73,71.21,81.52,60.63,69.51,73.99,6
IR17-I-2-18248,Uttar Pradesh,Kanpur,Indian Institute of Technology Kanpur,60.07,62.14,58.34,60.01,63.62,60.69,7,76.76,76.83,80.89,63.76,95,77.22,7,41.85,99.87,75.87,55.27,68.68,7,68.63,62.76,39.81,67.59,65.39,7,71.71,76.68,68.37,83.16,65.31,47.28,71.4,7,76.68,68.37,83.16,65.31,47.28,71.4,7,77.22,67.03,84.42,64.36,48.84,71.48,7,73.29,72.25,76.75,57.44,70.68,71.82,7,79.09,71.26,68.66,71.29,82.97,74.27,7,73.06,72.05,82.9,64.95,51.24,71.73,7
IR17-I-2-1-251,Assam,Guwahati,Indian Institute of Technology Guwahati,65.53,47.46,78.28,79.28,28.79,60.37,8,80.36,72.09,64.91,71.94,96,75.2,8,65.08,87.14,61.64,43.66,67.68,8,61.59,85.29,58.65,37.56,64.93,8,65.88,73.75,66.25,81.26,62.95,47.04,69.26,8,73.75,66.25,81.26,62.95,47.04,69.26,8,78.29,63.54,83.26,59.58,45.93,69.75,8,77.69,68,83.15,62.8,50.36,71.66,8,76.55,70.48,79.14,62.91,52.89,71.52,8,75.64,65.06,68.65,70.92,75.4,70.57,8
IR17-I-2-18677,Uttarakhand,Roorkee,Indian Institute of Technology Roorkee,52.24,56.6,83.38,72.7,32.38,59.84,9,89.96,73.56,86.42,60.67,38,74.88,9,56.58,73.87,60.63,46.34,65.47,9,50.76,95.42,53.13,43.62,63.52,9,65.15,71.19,44.96,95.07,73.36,54.12,66.61,9,71.19,44.96,95.07,73.36,54.12,66.61,9,75.57,60.39,72.67,67.37,75.15,69.57,9,73.43,66.98,82.95,58.3,42.44,68.78,9,76.33,64.43,81.35,61.96,43.43,69.04,9,75.53,45.59,99.93,78.82,54.13,69.62,9
IR17-I-2-18500,Uttar Pradesh,Varanasi,Banaras Hindu University,47.85,49.96,94.36,62.97,44.01,58.92,10,79.8,68.29,74.13,68.78,93,74.68,10,46.48,96.37,57.01,47.28,64.55,10,60.76,79.15,52.55,63.22,62.82,10,57.31,64.5,45,100,53.13,49.38,63.1,10,64.5,45,100,53.13,49.38,63.1,10,71.95,45.55,95.27,70.27,59.19,67.25,10,73.55,46.56,94.89,73.64,50.73,67.44,10,74.93,45.27,97.34,72.28,57.71,68.53,10,76.41,51.17,95.42,65.95,47.63,68.71,10
IR17-I-2-30673,Karnataka,Bengaluru,Jawaharlal Nehru Centre for Advanced Scientific Research,78.28,51.93,68.79,47.44,6.92,58.25,11,71.92,78.66,71.82,65.62,94,74.62,11,43.78,83.64,58.77,36.71,61.85,11,45.34,84.45,55.71,21.66,60.54,11,74.36,66.2,43.92,91.72,60.98,39.68,61.45,11,66.2,43.92,91.72,60.98,39.68,61.45,11,69.9,43.91,97.74,57.32,53.95,64.81,11,72.77,49.18,99.64,61.5,45.43,67.21,11,73.59,51.01,94.94,61.57,50.25,67.56,11,68.27,67.16,82.12,62.73,43.52,67.67,11
IR17-I-2-10326,West Bengal,Kolkata,Jadavpur University,48.64,54.09,91.42,53.37,28.81,57.32,12,56.99,80.37,81.5,79.5,92,74.45,12,47.1,91.54,60.14,37.39,60.87,12,52.13,63.2,52.97,28.01,60.16,12,79.25,64.23,54.33,71.35,65.54,34.8,59.87,12,64.23,54.33,71.35,65.54,34.8,59.87,12,63.57,53.73,90.1,56.86,49.53,63.85,12,69.38,49.83,93.85,83.41,26.4,65.52,12,78.96,56.59,73.33,59.21,54.34,66.69,12,79.81,56.77,73.89,58.56,54.35,67.04,12
IR17-I-2-18292,Tamil Nadu,Chennai,Anna University,46.25,54.58,79.31,60.01,43.94,56.5,13,66.95,74.72,77.38,77.11,91,74.4,13,54.89,90.28,44.95,51.83,60.53,13,57.07,91.39,36,35.5,59.68,13,57.08,66.44,43.43,86.67,72.35,20.25,59.54,13,66.44,43.43,86.67,72.35,20.25,59.54,13,68.16,47.38,92.46,81.14,23.57,63.62,13,67.63,53.66,90.61,56.79,41.08,64.3,13,71.29,49.28,92.72,83.1,29.78,66,13,73.81,50.03,92.56,83.83,29.47,66.99,13
IR17-I-2-1-2813521158,Telangana,Hyderabad,University of Hyderabad,57.3,42.77,78.79,78.13,27.06,56.3,14,59.08,80.63,96.8,56.73,96,74.39,14,54.1,78.07,53.16,62.72,60.35,14,58.16,85.14,51.26,33.15,58.69,14,52.52,51.7,51.72,87.77,50.16,53.3,58.93,14,51.7,51.72,87.77,50.16,53.3,58.93,14,73.43,53.18,71.53,56.73,49.01,62.86,14,74.38,55.13,73.26,59.03,48.36,64.24,14,78.11,55.94,77.34,67.33,25.34,64.94,14,79.44,61.76,78.52,67.71,20.28,66.86,14
IR17-I-2-18552,Delhi,Delhi,University of Delhi,43.48,56.61,82.06,58.6,30.76,55.37,15,59.02,85.24,78.43,68.81,83,73.13,15,43.77,70.28,70.23,31.01,59.22,15,43.56,71.03,58.27,31.44,58.46,15,74.05,67.68,48.17,76.05,65.25,24.18,58.91,15,67.68,48.17,76.05,65.25,24.18,58.91,15,67.46,40.85,95.48,61.9,37.86,61.57,15,73.39,50.35,73.93,72.47,35.71,62.74,15,56.75,56.42,98.54,67.57,43.93,64.81,15,60.65,58.51,96.94,70.15,40.55,66.19,15
IR17-I-2-18267,Tamil Nadu,Coimbatore,Amrita Vishwa Vidyapeetham,62.9,39.49,65.77,82.17,26.12,54.7,16,86.75,75.78,89.85,39.23,46,72,16,38.31,69.71,66.78,30.21,58.5,16,43.64,84.55,55.29,15.04,58.24,16,70.7,61.4,52.64,67.51,58.59,49.61,58.53,16,61.4,52.64,67.51,58.59,49.61,58.53,16,69.8,50.06,74.09,69.53,38.09,61.54,16,72.87,54.02,77.97,66.1,24.39,62.71,16,74.02,45.91,93.81,61.15,33.15,64.17,16,72.16,63.27,77.74,61.42,27.41,65.06,16
IR17-I-1-18698,Gujarat,Ahmedabad,Indian Institute of Management Ahmedabad,78.14,13.85,62.91,80.97,59.91,54.27,17,55.39,81.06,82.47,65.5,90,71.8,17,44.42,86.04,54.34,16.55,58.4,17,36.87,90.56,49.03,26.3,57.78,17,70.28,69.59,40.74,77.44,58.72,32.13,57.67,17,69.59,40.74,77.44,58.72,32.13,57.67,17,70.53,51.07,78.15,64.81,26.37,61.23,17,55.66,63.59,80.43,62.55,45.71,62.7,17,68.83,51.35,89.92,49.94,48.2,63.84,17,76.85,51.06,81.91,71.42,30.67,64.97,17
IR17-I-2-1-618,Maharashtra,Pune,Savitribai Phule Pune University,56.39,35.03,85.13,72.26,11.2,52.81,18,59.98,73.64,69.05,82.7,85,71.29,18,35.38,85.67,57.56,18.46,58.36,18,44.15,61.29,64.23,26.3,57.37,18,76.05,69.06,40.86,80.06,56.93,27,57.38,18,69.06,40.86,80.06,56.93,27,57.38,18,52.72,59.82,79.43,59.07,45.74,60.14,18,56.24,64.24,74.58,50.29,62.67,62.36,18,76.51,47.82,77.63,73.83,36.07,63.81,18,71.61,52.19,87.82,52.34,44.1,64.34,18
IR17-I-2-18189,Uttar Pradesh,Aligarh,Aligarh Muslim University,58.56,36.2,87.43,51.55,16.62,52.74,19,60.78,75.69,81.49,73.21,74,70.8,19,32.04,88.53,71.97,14.26,58.07,19,33.21,82.27,68.86,11.76,56.18,19,72.33,42.65,54.23,82.66,59.6,44.81,56.03,19,42.65,54.23,82.66,59.6,44.81,56.03,19,69.21,43.04,88.92,56.29,27.85,59.86,19,68.87,46.88,94.55,60.04,26.4,62.27,19,61.51,61.95,79.42,61.11,39.35,62.97,19,71.5,48.04,93.79,64.58,26.77,63.76,19
IR17-I-2-1-2814289415,Delhi,New Delhi,Jamia Millia Islamia,58.98,27.99,81.63,83.55,9.73,51.75,20,57.76,83.07,76.07,59.5,87,70.35,20A,53.79,87.18,55.4,41.11,57.59,20,41.7,76.95,52.63,22.63,55.08,20,65.54,62.95,42.77,86.96,50.92,16.41,55.83,20,62.95,42.77,86.96,50.92,16.41,55.83,20,70.94,40.18,83.97,63.5,31.99,59.67,20,70.46,44.54,83.27,66.58,26.83,60.49,20,60.32,63.51,71.58,48.93,64.13,62.77,20,76.94,54.16,84.47,56.4,11.67,63.03,20
IR17-I-2-18599,Rajasthan,Pilani,Birla Institute of Technology & Science -Pilani,54.83,31.26,73.88,58.5,49.96,51.46,21,85.83,70.35,81.05,47.29,43,70.32,20,45.04,76.53,52.11,31.2,57.23,21,50.26,86.81,46.72,26.3,53.38,21,45.47,48.43,56.83,69.94,59.38,38.8,55.39,21,48.43,56.83,69.94,59.38,38.8,55.39,21,60.73,45.71,75.74,66.48,52.2,58.95,21,59.68,48.55,76.18,68.33,58.95,60.43,21,71.69,55.43,76.92,68.55,17.02,62.07,21,60.55,59.53,83.42,60.61,41.16,62.88,21
IR17-I-2-18572,Tamil Nadu,Vellore,Vellore Institute of Technology,41.65,42.87,75.57,75.99,32.95,51.36,22,58.61,66.4,82.92,74.67,95,69.71,21,40.82,67.47,58.77,40.33,56.92,22,35.33,65.12,57.08,22.15,53.07,22,71.72,61.79,47.45,74.17,53.21,24.6,55.38,22,61.79,47.45,74.17,53.21,24.6,55.38,22,53.32,53.15,74.97,49.3,62.1,58.08,22,46.65,54.3,97.84,63.98,39.84,60.24,22,72.59,60.87,72.82,66.07,5.79,61.79,22,70.31,54.56,82.47,68.94,20.28,62.87,22
IR17-I-2-1-243,Delhi,New Delhi,Indian Agricultural Research Institute,58.22,33.6,74.11,76.79,11.52,51.2,23,60.26,67.86,77.29,70.22,88,68.95,22,42.05,57.13,60.11,32.75,54.48,23,29.71,62.7,59.66,3.93,52.73,23,83.08,52.39,44.58,71.79,63.34,51.82,54.97,23,52.39,44.58,71.79,63.34,51.82,54.97,23,43.11,52.82,91.85,58.87,45.93,57.63,23,66.11,42.3,97.37,53.01,29.33,60.22,23,66.06,57.83,75.19,58.49,28.11,60.87,23,76.12,56.28,73.63,71.44,6.42,62.23,23
IR17-I-2-1-346,Madhya Pradesh,Indore,Indian Institute of Technology Indore,65.42,32.43,63.5,74.58,7.17,50.23,24,54.63,72.07,74.08,75.04,82,67.94,23,34.72,70.89,62.89,50.61,54.32,24,47.42,68.43,60.02,36.71,52.68,24,50.3,67.24,45.58,59.31,58.75,28.91,54.47,24,67.24,45.58,59.31,58.75,28.91,54.47,24,63.97,44.36,78.31,63.96,26.97,57.26,24,74.59,43.13,69.53,69.14,27.47,58.89,24,74.09,42.19,74.06,72.74,37.65,60.73,24,74.07,46.15,80.08,78.51,16.61,61.59,24
IR17-I-1-1-217,Karnataka,Bengaluru,Indian Institute of Management Bangalore,68.62,12.47,63.57,83.53,38.72,49.26,25,56.72,64.67,77.3,72.1,94,67.8,24,50.98,76,39.42,25.54,53.4,25,35.6,65.91,62.92,11.13,52.52,25,70.87,51.91,43.09,73.11,51.35,61.72,54.42,25,51.91,43.09,73.11,51.35,61.72,54.42,25,63.66,41.64,92.44,52.07,16.97,56.99,25,61.65,56.26,74.65,59.16,25.3,58.76,25,72.69,45.58,81.39,62.26,25.6,60.55,25,75.45,42.48,77.23,73.03,28.87,61.01,25
IR17-I-2-1-345,Telangana,Hyderabad,Indian Institute of Technology Hyderabad,63.51,28.02,62.91,72.21,18.06,49.07,26,73.02,66.41,60.71,60.11,86,67.68,25,17.12,62.55,67.62,46.34,52.68,26,35.56,69.33,57.73,35.32,52.15,26,61.02,48.18,56.64,71.16,55.15,27,53.88,26,48.18,56.64,71.16,55.15,27,53.88,26,71.66,44.18,65.43,62.94,27.85,56.91,26,69.78,40.1,73.26,73.35,34.11,58.35,26,70.01,42.11,92.19,50.17,31.61,60.25,26,73.24,44.59,78.52,63.01,29.68,60.32,26
IR17-I-2-18606,West Bengal,Kolkata,Calcutta University,36.34,44.1,95.76,39.02,17.15,48.9,27,67.4,75.73,61.06,51.57,85,67.58,26,48.4,72.61,51.49,20.28,52.62,27,44.24,74.36,61.08,14.46,52.04,27,54.46,50.05,55.82,75.96,46.07,22.04,53.76,27,50.05,55.82,75.96,46.07,22.04,53.76,27,59.32,45.14,75.55,64.44,38.54,56.74,27,69.83,52.18,71.3,67.38,5.37,58.14,27,76.29,52.45,76.95,53.84,7.42,60.13,27,74.01,43.99,80.53,77.74,8.46,60.13,27
IR17-I-2-15598,Tamil Nadu,Coimbatore,Tamil Nadu Agricultural University,77.67,12.56,75.33,63.48,3.53,48.84,28,49.43,78.7,77.69,64.58,83,67.51,27,39.44,68.32,54.48,29.2,52.49,28,48.53,67,42.5,22.87,51.85,28,57.85,55.87,47.41,69.88,56.69,31.08,53.74,28,55.87,47.41,69.88,56.69,31.08,53.74,28,59.27,50.58,79.61,54.5,18.45,56.16,28,66.36,52.71,72.96,60.81,16.1,58,28,74.74,42.01,79.53,76.35,13.72,59.94,28,70.95,55.01,70.76,64.23,17.69,60.13,27
IR17-I-1-18637,Maharashtra,Pune,"Indian Institute of Science Education & Research, Pune",63.94,28.43,52.74,76.1,24.13,48.28,29,58.2,71.82,75.41,61.2,82,67.12,28,23.16,86.61,55.73,14.55,52.11,29,33.4,68.6,53.07,26.52,51.52,29,66.06,55.81,43.13,72.05,59.5,32.81,53.32,29,55.81,43.13,72.05,59.5,32.81,53.32,29,54.43,50.31,74.26,56.63,39.21,55.85,29,69.63,38.02,78.87,80.13,14.39,57.52,29,76.4,41.53,69.97,69.21,24.82,58.77,29,62.63,54.88,67.82,51.3,61.18,60.06,29
IR17-I-2-18364,Karnataka,Manipal,Manipal Academy of Higher Education-Manipal,64.76,29.31,58.66,55.51,27.67,48.27,30,57.93,75.86,80.94,57.91,63,66.51,29,25.24,71.18,47.29,4.33,51.95,30,48.52,69.18,52.55,15.9,51.39,30,53.82,57.51,49.25,69.71,56.59,15.91,53.22,30,57.51,49.25,69.71,56.59,15.91,53.22,30,68.3,35.58,73.45,68.4,27.26,55.42,30,73.14,49.45,71.36,54.35,6.08,57.09,30,57.16,54.95,76.25,57.97,40.09,58.69,30,59.31,50.4,74.23,66.37,56.51,60.05,30
IR17-I-2-18581,West Bengal,Kolkata,Visva Bharati,53.56,25.23,86.74,67.26,4.71,48.19,31,49.24,79.62,65.86,66.15,78,65.4,30,29.92,74.12,63.52,6.86,51.73,31,34.41,69.99,60.81,38.55,51.38,31,57.09,72.76,32.92,62.05,63.88,23.76,52.89,31,72.76,32.92,62.05,63.88,23.76,52.89,31,62.47,49.93,72.44,52.99,16.21,55.13,31,54.83,53.2,75.62,57.38,38.07,57.08,31,57.74,48.14,74.21,64.62,55.37,58.6,31,57.05,57.79,77.97,60.88,38.97,60.03,31
IR17-I-2-1-340,Punjab,Rupnagar,Indian Institute of Technology Ropar,66.25,24.68,62.91,75.73,4.07,47.84,32,56.81,63.75,74.02,62.08,75,63.94,31,47.63,66.55,57.02,35.31,51.44,32,33.04,61.4,62.86,25.85,51.04,32,66.57,53.81,41.74,73.32,65.58,30.01,52.88,32,53.81,41.74,73.32,65.58,30.01,52.88,32,59.27,46.74,73.45,58.76,27.26,55.1,32,61.62,47.02,74.95,64.61,23.94,56.44,32,68.5,39.66,78.18,77.52,24.56,58.3,32,65.11,49.13,78.05,74.25,22.48,59.55,32
IR17-I-2-1-624,Odisha,Bhubaneswar,Siksha`O` Anusandhan University,63.31,17.17,66.02,78.18,15.57,46.72,33,60.21,65.55,81,58.4,51,63.77,31A,33.28,68.26,54.18,30.01,51.34,33,44.75,73.16,47.52,23.58,50.94,33,52.59,71.26,37.15,57.21,64.21,23.76,52.77,33,71.26,37.15,57.21,64.21,23.76,52.77,33,72.51,45.25,68.93,52.01,5.31,54.85,33,73.68,38.46,66.67,66.44,25.52,56.16,33,65.54,50.91,71.78,60.73,19.49,57.31,33,73.74,54.65,55.7,68.41,26.56,59.15,33
IR17-I-1-1-370,Tamil Nadu,Tiruchirappalli,National Institute of Technology Tiruchirappalli,44.43,31.32,71.92,73.68,20.92,46.57,34,60.63,73.91,83.55,70.31,1,63.4,32,44.82,72.5,52.89,27.09,51.25,34,14.54,61.99,66.05,27.8,50.87,34,82.44,68.77,18.79,90.54,54.24,6.85,50.49,34,68.77,18.79,90.54,54.24,6.85,50.49,34,69,30.2,75.13,77.86,17.71,54.35,34,72.45,43.72,63.27,63.57,21.81,56.05,34,63.94,50.54,75.22,59.6,17.02,57.04,34,64.87,53.58,76.96,60.45,15.78,58.55,34
IR17-I-2-18559,Tamil Nadu,Chennai,Bharath Institute of Higher Education & Research,59.33,23.12,63.42,86.49,3.79,46.45,35,40.32,72.19,95.08,66.33,61,63.39,33,18.84,85.7,51.2,8.59,51.21,35,29.22,63.76,79.16,2.4,50.74,35,70.22,59.67,38.82,66.26,53.53,23.34,50.48,35,59.67,38.82,66.26,53.53,23.34,50.48,35,75.19,33.66,65.71,64.34,20.57,54.29,35,60.99,39.3,94.63,51.78,15.82,55.78,35,59.69,55.05,71.72,59.2,22.93,56.97,35,62.12,55.35,73.56,60.64,23.19,58.33,35
IR17-I-2-18230,Maharashtra,Mumbai,Homi Bhabha National Institute,79.17,8.75,66.98,58.08,8.7,46.45,35,48.31,62.54,82.91,68.54,74,62.58,34,36.74,66.47,47.19,30.41,50.96,36,25.12,83.14,54.75,9.53,50.39,36,65.98,68.64,36.45,65.98,50.79,6.22,50.42,36,68.64,36.45,65.98,50.79,6.22,50.42,36,57.91,45.28,71.41,62.54,25.15,53.99,36,63.1,43.77,78.87,51.98,25.52,55.58,36,76.68,32.12,69.66,76.95,15.07,55.79,36,69.77,47.23,72.43,64.12,16.34,57.63,36
IR17-I-2-18639,Himachal Pradesh,Mandi,Indian Institute of Technology Mandi,68.77,16.43,61.11,74.31,4.06,45.62,37,56.09,71.53,72.03,64.42,40,62.26,35,31.49,65.92,68.21,7.91,50.88,37,32.29,74.48,52.2,2.01,50.31,37,67.67,63.89,29.92,71.34,65.89,13.28,50.34,37,63.89,29.92,71.34,65.89,13.28,50.34,37,67.9,39.04,65.84,66.49,20.23,53.92,37,59.99,51.67,72.69,60.11,14.68,55.52,37,61.07,39.17,89.65,52.59,24.29,55.69,37,62.88,55.83,74.32,63.12,7.11,57.49,37
IR17-I-2-18414,Telangana,Hyderabad,Osmania University,46.63,20.56,91.98,58.41,11.16,45.52,38,55.4,65.31,77.86,48.75,76,62.26,35,45.65,68.68,45.97,24.4,50.75,38,23.4,66.21,63.07,7.17,49.59,38,74.34,48.88,40.86,71.57,53.49,37.31,50.31,38,48.88,40.86,71.57,53.49,37.31,50.31,38,51.07,54.66,71.79,54.34,23.57,53.87,38,58.46,45.25,75.59,59.23,33.2,55.47,38,74.52,26.72,94.82,58.19,4.52,55.61,38,76.72,35.68,71.51,79.49,14.64,57.43,38
IR17-I-1-18700,West Bengal,Kolkata,Indian Institute of Management Calcutta,70.17,6.04,62.15,74.17,24.61,45.17,39,55.13,71.63,74.32,62.16,41,62.14,37,34.14,73.06,52.26,34.41,50.53,39,27.29,56.79,60.47,15.9,49.31,39,73.72,62.4,27.78,70,78.43,11.06,50,39,62.4,27.78,70,78.43,11.06,50,39,59.35,49.09,68.7,56.9,18.08,53.77,39,73.6,32.12,72.32,71.51,20.83,55.41,39,72.86,33.47,71.01,70.11,24.02,55.51,39,73.24,41.27,69.35,67.92,20.03,57.01,39
IR17-I-1-30713,Punjab,Ludhiana,"Punjab Agricultural University, Ludhiana",77.94,16.51,57.2,48.44,3.83,44.99,40,62.21,55.58,70.83,55.49,77,61.32,38,41.21,45.09,55.69,24.86,50.44,40,12.99,75.58,54.06,12.07,49.22,40,78.6,62.43,31.86,59.58,71.65,22.04,49.58,40,62.43,31.86,59.58,71.65,22.04,49.58,40,63.56,39.42,66.2,56.59,25.46,52.35,40,62.01,49.73,72.17,64.05,8.15,55.17,40,67.87,41.54,71.78,66.48,16.38,55.47,40,73.49,38.34,72.97,64,23.19,56.86,40
IR17-I-2-18261,Maharashtra,Mumbai,Institute of Chemical Technology,41.33,36.82,69.31,55.73,20.69,44.95,41,62.58,67.06,65.34,61.72,33,61.15,39,21.17,69.84,61.04,20.02,50.31,41,14.18,70.13,44.74,9.85,48.98,41,84.14,49.19,48.29,65.32,51.66,17.89,49.27,41,49.19,48.29,65.32,51.66,17.89,49.27,41,48.43,43.18,74.62,60.73,27.56,51.23,41,56.32,49.6,77.89,55.88,15.82,54.53,41,75.44,26.05,85.19,64.68,10.13,54.97,41,75.27,26.41,86.6,73.86,14.07,56.62,41
IR17-I-2-17784,Delhi,New Delhi,Jamia Hamdard,52.44,27.86,73.99,57.57,1.87,44.84,42,47.68,76.73,56.87,47.6,72,60.18,41,25.85,61.38,53.38,5.8,49.91,42,41.93,69.73,43.4,9.85,48.62,42,55.85,58.58,38.28,66.3,57.78,10.48,49.15,42,58.58,38.28,66.3,57.78,10.48,49.15,42,49.57,47.89,70.35,64.17,13.43,51.07,42,52.5,54.93,69,58.02,20.33,53.86,42,72.8,41.09,61.53,62.28,21.53,54.86,42,71.19,29.64,94.62,64.07,6.76,56.26,42
IR17-I-2-30702,Assam,Guwahati,Gauhati University,50.65,16.84,89.89,59.41,2.48,44.42,43,46.65,74.56,81.02,61.7,25,59.91,42,24.95,92.09,55.68,9.26,49.86,43,22.27,70.4,53.19,24.5,48.25,43,65.74,64.77,19.93,89.11,51.53,4.91,48.87,43,64.77,19.93,89.11,51.53,4.91,48.87,43,62.79,37.25,65.56,67.01,12.18,51.05,43,68.17,41,70.16,55.58,13.81,53.72,43,65,43.36,71.19,63.83,17.02,54.83,43,75.73,33.76,70.9,70.67,21.27,56.23,43
IR17-I-1-18635,West Bengal,Mohanpur,"Indian Institute of Science Education & Research, Kolkata",56.68,27.13,57.82,70,6.79,44.38,44,59.29,82.22,13.39,50.12,83,59.58,43,28.36,64.56,65.68,11.2,49.4,44,35.5,64.06,43.37,22.63,48.06,44,60.01,48.98,43.27,67.55,64.66,12.18,48.87,43,48.98,43.27,67.55,64.66,12.18,48.87,43,56.29,43.01,69.46,65.97,5.31,50.81,44,51.09,46.65,75.77,59.92,28.52,53.31,44,64.04,42.45,78.16,54.05,18.27,54.81,44,68.42,45.12,72.16,65.69,11.36,56.21,44
IR17-I-2-18567,Tamil Nadu,Coimbatore,Bharathiar University,45.67,35.58,63.73,62.6,9.11,44.29,45,55.1,68.79,60.61,78.6,19,59.29,44,36.3,65.31,56.58,10.24,49.27,45,25.9,93.35,44.69,5.76,48.02,45,55.09,50.44,42.26,67.3,56.35,19.32,48.83,45,50.44,42.26,67.3,56.35,19.32,48.83,45,57.73,35.23,73.48,55.14,25.15,50.61,45,63.55,25.22,75.62,80.27,35.18,53.29,45,57.1,49.75,66.63,69.81,22.1,54.58,45,72.96,36.05,72.32,67.54,22.48,56.16,45
IR17-I-2-1-140,Odisha,Rourkela,National Institute of Technology Rourkela,43.93,34.18,67.94,65.97,4,44.02,46,48.41,54.52,67.95,69.27,81,59.23,45,32.91,55.57,57.61,25.99,48.73,46,30.54,65.26,47.3,10.82,48,46,66.61,51.58,38.99,68.65,50.22,27.77,48.7,46,51.58,38.99,68.65,50.22,27.77,48.7,46,60.22,30.41,79.98,56.37,17.71,50.6,46,55.92,44.38,66.06,68.34,30.92,53.22,46,55.75,43.41,74.39,62.79,35.25,54.44,46,69.03,45.33,73.12,66.74,3.89,55.99,46
IR17-I-2-18317,Kerala,Thiruvananthapuram,Kerala University,50.61,14.62,89.18,64.47,0.89,43.95,47,47.51,66.33,77.98,72.56,32,59.06,46,22.18,71.17,49.75,26.65,48.54,47,19.8,83.76,47.6,7.17,47.72,47,65.16,61.35,31.82,66.43,53.88,20.25,48.66,47,61.35,31.82,66.43,53.88,20.25,48.66,47,63.85,32.08,62.89,71.44,20.57,50.55,47,66.66,22.8,96.02,58.87,8.15,52.75,47,69.41,37.64,71.47,66.23,11.24,54.14,47,64.81,37.24,88.18,51.81,24.79,55.91,47
IR17-I-2-10563,Assam,Tezpur,Tezpur University,51.89,28.83,62.76,63.05,7.09,43.78,48,39.04,58.23,66.94,77.41,86,58.97,47,30.1,63.47,50.99,15.71,48.47,48,27.44,72.24,53.87,5.03,47.62,48,63.49,55.04,25.59,85.84,54.46,18.37,48.65,48,55.04,25.59,85.84,54.46,18.37,48.65,48,63.04,22.16,69.27,78.62,31.19,50.39,48,62.66,30.87,74.68,76.42,18.79,52.52,48,68.81,39.95,67.5,65.22,14.74,54.12,48,70.43,36.39,74.68,76.54,10.42,55.68,48
IR17-I-1-700,Maharashtra,Mumbai,TATA Institute of Social Sciences,51.92,6.59,76.5,85.16,23.31,43.71,49,53.15,64.82,78.28,53.95,41,58.89,48,26.97,72.39,51.98,3.58,48.08,49,9.77,78.3,71.56,10.18,47.46,49,68.98,61.78,34.28,64.91,65.99,2.18,48.63,49,61.78,34.28,64.91,65.99,2.18,48.63,49,61.35,38.23,67.66,59.74,9.57,50.33,49,63.88,40.86,68.45,59.4,9.48,52,49,56.77,50.31,71.92,65.59,9.75,54.04,49,58.1,49.4,69.31,69.89,23.88,55.49,49
IR17-I-2-18477,Tamil Nadu,Thanjavur,Shanmugha Arts Science Technology & Research Academy (SASTRA),43.1,31.09,68.04,65.18,11.1,43.5,50,58.68,57.67,71.2,77.49,19,58.79,49,18.1,71.7,69.38,14.55,47.97,50,34.97,65.36,57.27,3.55,47.11,50,58.24,63.78,30.9,63.49,66.63,8.1,48.57,50,63.78,30.9,63.49,66.63,8.1,48.57,50,60.1,26.46,71.2,74.72,22.92,49.97,50,62.02,40.74,69.49,57.63,14.68,51.96,50,69.75,32.36,74.56,74.3,10.5,54.02,50,72.74,39.25,75.69,58.95,7.45,55.38,50
IR17-I-1-18704,Uttar Pradesh,Lucknow,Indian Institute of Management Lucknow,63.94,6.94,62.69,82.57,12.92,43.35,51,57.04,53.42,81.38,65.7,36,58.78,50,31.43,56.23,61.6,24.17,47.85,51,28.14,52.36,59.78,8.87,47.07,51,70.95,60.04,37.02,57.6,53.94,16.41,47.67,51,60.04,37.02,57.6,53.94,16.41,47.67,51,65.16,36.16,70.48,51.18,2.74,49.89,51,63.52,33.6,68.58,72.34,17.73,51.86,51,71.68,35.53,73.76,56.1,14.74,53.99,51,71.76,36.5,74.04,71.78,8.46,55.32,51
IR17-I-2-1-333,Punjab,Mohali,"Indian Institute of Science Education & Research, Mohali",55.38,17.55,62.99,80.48,7.52,43.27,52,41.6,73.08,77.24,63.3,41,58.65,51,26.51,78.07,58.09,14.26,47.8,52,15.04,75.45,48.16,5.03,46.56,52,72.14,59.27,34.73,68.77,52.55,4.24,47.62,52,59.27,34.73,68.77,52.55,4.24,47.62,52,65.23,20.29,94.4,51.07,2.21,49.87,52,65.63,38.86,73.44,51.23,6.78,51.84,52,72.53,27.49,78.53,64.79,17.34,53.93,52,73.43,26.49,89.46,64.21,9.78,55.27,52
IR17-I-1-18632,Jharkhand,Dhanbad,Indian Institute of Technology (Indian School of Mines),40.04,34.27,67.12,67.08,7.88,43.21,53,57.4,58.47,75.03,66.24,32,58.63,52,32.27,71.35,50.89,29.4,47.37,53,22.89,72.84,51.76,6.82,46.56,52,64.21,49.93,39.07,68.47,58.6,10.48,47.3,53,49.93,39.07,68.47,58.6,10.48,47.3,53,61.66,32.63,72.21,51.56,18.45,49.73,53,57.69,39.42,73.79,58.99,20.33,51.83,53,61.76,42.22,72.75,57.84,22.1,53.74,53,75.88,27.86,86.93,57.17,10.1,55.24,53
IR17-I-2-1-2814248400,Chandigarh,Chandigarh,Panjab University,36.7,40.79,66.18,47.4,18.99,43.13,54,57.49,58.03,69.44,70.34,32,58.44,53,16.57,70.49,55.04,6.15,47.34,54,34.57,64.43,58.95,11.45,46.33,54,53.44,54.52,29.82,65.95,59.25,25.82,46.98,54,54.52,29.82,65.95,59.25,25.82,46.98,54,68.9,16.81,90.68,53.79,4.8,49.71,54,61.05,33.04,73.62,69.11,17.73,51.62,54,66.21,32.44,72.82,68.16,26.88,53.66,54,59.76,44.19,73.98,62.67,29.47,55.21,54
IR17-I-2-1-596,Tamil Nadu,Chennai,S.R.M Institute of Science and Technology,45.8,25.07,64.33,78.65,10.8,43.07,55,61.16,61.37,63.61,65.39,21,57.8,54,15.74,65.48,70.26,10.24,46.97,55,21.34,63.29,65.05,16.73,46.24,55,63.32,49.85,37.31,68.93,55.11,15.39,46.98,54,49.85,37.31,68.93,55.11,15.39,46.98,54,61.22,36.63,67.04,56.83,12.6,49.71,54,68.52,23.47,69.35,74.68,22.05,51.15,55,65.13,39.14,79.78,53.33,8.99,53.47,55,69,44.43,60.39,64.23,23.65,54.9,55
IR17-I-1-1-249,Kerala,Thiruvananthapuram,Indian Institute of Space Science and Technology,69.46,11.63,51.78,70.33,13.45,43.06,56,46.89,72.99,55.16,51.52,66,57.69,55,9.97,79.76,71.16,12.14,46.82,56,26.6,62.83,63.71,7.86,46.17,56,61.55,63.04,19.39,66.7,70.04,18.85,46.95,56,63.04,19.39,66.7,70.04,18.85,46.95,56,68.18,26.11,63.63,68.18,18.81,49.71,54,61.51,36.63,73.97,52.13,15.54,50.99,56,55.91,45.68,75.08,55.39,23.48,53.38,56,65.95,42.3,70.37,63.66,18.48,54.76,56
IR17-I-2-1-457,Karnataka,Mysore,Mysore University,41.59,20.1,93.17,53.51,3.44,42.83,57,57.24,67.97,55.5,35.4,67,57.52,56,17.76,64.96,72.53,3.19,46.32,57,29.51,68.64,51.71,25.85,46.14,57,52.66,58.71,27.32,67.45,51.68,23.34,46.79,57,58.71,27.32,67.45,51.68,23.34,46.79,57,49.86,44.83,70.57,55.09,16.21,49.65,57,47.8,47.16,71.25,64.65,16.65,50.88,57,71.82,24.11,88.28,60.98,7.42,53.28,57,56.77,41.58,80.37,65.25,25.46,54.65,57
IR17-I-2-18693,Telangana,Hyderabad,"National Institute of Pharmaceutical Education and Research, Hyderabad",61.28,14.3,60.78,75.15,3.9,42.74,58,73.56,51.98,75.3,38.57,33,57.47,57,29.8,54.37,51.43,12.45,46.28,58,20.45,59.51,47.58,22.39,45.97,58,69.8,51.73,37.83,62.64,55.02,18.85,46.78,58,51.73,37.83,62.64,55.02,18.85,46.78,58,56.4,34.71,66.11,69.33,20.57,49.54,58,70.64,26.93,79.58,53.05,2.77,50.77,58,69.31,25.46,80.94,78.63,7.82,53.26,58,69.11,41.59,65.15,69,13.78,54.52,58
IR17-I-2-18424,Pondicherry,Puducherry,Pondicherry University,44.07,26.33,72.73,65.61,4.67,42.7,59,46.14,58.6,69.8,76.6,47,57.45,58,26.07,74.79,41.39,11.52,46.27,59,17.24,61.89,68.65,6.47,45.76,59,69,50.61,31.04,70.32,56.38,25.01,46.69,59,50.61,31.04,70.32,56.38,25.01,46.69,59,62.04,39.31,62.25,51.98,14.24,49.47,59,67.62,22.91,77.78,63.18,15.54,50.59,59,64.11,41.19,60.62,65.76,27.62,53.05,59,74.05,34.74,79.88,50.9,6.07,54.31,59
IR17-I-2-1-697,Tamil Nadu,Chennai,Tamil Nadu Veterinary & Animal Sciences University,75.08,6.36,61.11,57.5,0.67,42.48,60,49.49,61.9,70.43,60.32,49,57.37,59,15.49,75.65,43.02,5.44,46.09,60,19.35,54.02,42.72,5.4,45.56,60,80.46,64.39,27.23,62.97,57.57,8.1,46.65,60,64.39,27.23,62.97,57.57,8.1,46.65,60,68.12,21.4,69.04,69.37,16.97,49.31,60,69.05,31.54,63.8,68.33,8.15,50.58,60,54.31,42.01,74.07,63.38,29.55,52.99,60,72.77,40.41,66.64,56.46,13.48,54.28,60
IR17-I-2-1-661,Tamil Nadu,Chennai,Sri Ramachandra University,68.16,14.1,47.94,73.02,8.86,42.46,61,45.21,59.86,79.38,69.05,40,56.79,60,24.71,67.97,57.45,19.51,46.06,61,19.8,74.9,44.44,6.11,45.44,61,64.91,54.06,34,64.82,64.68,7.48,46.6,61,54.06,34,64.82,64.68,7.48,46.6,61,66.74,29.19,64.82,66.84,8.66,49.29,61,59.19,35.77,66.39,59.17,28.52,50.54,61,68.89,39.53,66.79,54.52,15.73,52.91,61,61.36,40.81,83.97,51.54,12.28,53.82,61
IR17-I-2-18276,Gujarat,Anand,Anand Agricultural University,72.99,5.89,70.24,42.67,2.75,42.26,62,55.6,34.04,90.52,75.5,50,56.56,61,14.53,75.72,54.75,6.51,45.99,62,19.5,51.41,55.1,5.76,45.29,62,76.9,64.76,15.7,81.28,56.13,5.57,46.57,62,64.76,15.7,81.28,56.13,5.57,46.57,62,65.62,17.8,74.9,66.57,25.46,49.22,62,54.44,42.78,70.67,60.93,9.8,50.36,62,68.66,34.45,70.2,66.17,12.32,52.83,62,64.13,41.43,71.27,56.21,22,53.74,62
IR17-I-1-18709,Rajasthan,Udaipur,Indian Institute of Management Udaipur,68.76,1.38,60,86.05,5.04,42.15,63,51.61,58.11,77.22,62.78,27,56.21,62,32.38,65.16,57.13,6.86,45.8,63,28.54,64.68,57.57,8.53,45.17,63,56.87,52.04,28.16,79.86,51.62,13.82,46.57,62,52.04,28.16,79.86,51.62,13.82,46.57,62,57.93,32.46,66.55,57.34,28.71,49.03,63,62.4,34.36,73.79,51.74,13.81,50.34,63,74.46,26.12,63.1,61.74,37.45,52.72,63,58.72,43.85,72.82,55.83,23.19,53.23,63
IR17-I-2-18341,Tamil Nadu,Chennai,University of Madras,44.22,29.26,62.26,62.75,10.82,41.85,64,46.48,62.13,75.15,63.84,31,55.93,63,27.15,65.86,62.79,2.41,45.58,64,16.92,61.14,49.77,38.71,44.94,64,62.6,57.82,27.62,69.75,60.64,8.1,46.46,64,57.82,27.62,69.75,60.64,8.1,46.46,64,59.42,21.66,89.82,58.19,8.66,48.98,64,58.74,31.24,81.26,57.91,9.15,49.94,64,69.31,38.5,65.47,53.22,18.27,52.58,64,59.08,47.2,71.48,54.16,16.06,53.22,64
IR17-I-1-1-493,Karnataka,Surathkal,National Institute of Technology Surathkal,42.31,21.43,71.88,62.86,20.13,41.8,65,43.67,64.68,77.11,48.56,48,55.7,64,18.08,74.7,44.24,9.59,45.57,65,22.53,69.57,65.94,3.55,44.81,65,57.32,54.37,29.63,70.28,52.7,14.88,46.02,65,54.37,29.63,70.28,52.7,14.88,46.02,65,53.86,38.2,65.46,60.45,16.97,48.46,65,64.74,32.9,69.4,53.23,14.39,49.93,65,67.38,32.89,70.81,66.14,17.34,52.58,64,62.97,45.6,60.78,65.41,19.52,53.22,64
IR17-I-1-18627,Odisha,Bhubaneswar,Indian Institute of Technology Bhubaneswar,57.89,20.92,51.73,74.82,2.66,41.75,66,55.75,58.12,66.08,71.32,12,55.49,65,25.27,45.39,70.98,17.38,45.43,66,29.45,61.31,52.43,10.5,44.71,66,57.73,54.19,14.23,83.55,75.99,10.48,45.89,66,54.19,14.23,83.55,75.99,10.48,45.89,66,50.01,39.35,70.44,48.26,27.26,48.45,66,52.66,42.86,70.65,57.06,12.92,49.79,66,63.18,37.87,67.5,56.65,29.07,52.38,66,70.37,39.2,63.41,67.38,8.8,53.17,66
IR17-I-1-1-18708,Tamil Nadu,Tiruchirappalli,Indian Institute of Management Tiruchirappalli,71.34,1.09,60,77.67,2.31,41.73,67,51.73,53.46,50.05,70.4,59,55.45,66,17.64,62.16,67.15,0,45.42,67,12.46,60.9,71.23,6.11,44.62,67,69.88,55.17,19.05,83.56,58.4,10.48,45.87,67,55.17,19.05,83.56,58.4,10.48,45.87,67,56.99,29.87,65.82,65.05,23.57,48.09,67,66.08,31.56,64.6,66.66,9.15,49.79,66,71.36,37.27,70.97,51.09,4.09,52.3,67,67.56,40.58,68.46,52.39,16.61,53.04,67
IR17-I-2-1-668,Andhra Pradesh,Tirupati,Sri Venkateswara University,45.88,24.43,68.72,64.57,1.94,41.48,68,50.37,59.18,72.01,60.42,33,55.3,67,11.58,69.31,45.1,11.52,45.41,68,29.43,65.31,63.14,4.3,44.34,68,52.38,61.83,18.5,64.52,72.16,14.35,45.65,68,61.83,18.5,64.52,72.16,14.35,45.65,68,53.53,39.28,70.53,54.61,6.29,48.05,68,53.57,38.83,70.43,58.7,21.07,49.79,66,71.5,34.91,63.56,67.12,8.99,52.24,68,69.12,35.08,70.84,52.79,21.76,52.89,68
IR17-I-2-1-31,Andhra Pradesh,Visakhapatnam,Andhra University,40.32,18.59,80.31,55.75,20.72,41.38,69,37.05,64.47,67.19,46.69,77,54.91,68,28.11,57.1,41.36,20.28,45.2,69,25.42,52.87,49.93,7.17,44.25,69,67.81,58.89,30.78,64.62,55.99,2.18,45.64,69,58.89,30.78,64.62,55.99,2.18,45.64,69,57.05,32.57,73.37,51.63,13.02,48.02,69,59.83,24.29,82.07,76.83,2,49.53,69,71.14,31.25,79.72,51.14,3.66,52.14,69,69.26,23.93,80.92,80.25,5.35,52.71,69
IR17-I-2-18672,Uttar Pradesh,Varanasi,"Indian Institute of Technology (Banaras Hindu University), Varanasi",42.85,19.35,72.56,57.89,23.96,41.37,70,41.66,50.29,74.67,65.68,63,54.81,69,7.61,62.46,63.71,7.56,45.11,70,18.67,60.34,63.92,3.17,44,70,65.4,61.2,12.32,77.33,72.28,8.71,45.63,70,61.2,12.32,77.33,72.28,8.71,45.63,70,56.58,32.35,71.3,52.41,18.45,48.01,70,57.54,36.39,74.18,52.05,12.31,49.45,70,64.75,28.77,85.33,58.05,10.87,52.02,70,62.9,34.68,72.82,71.14,17.42,52.68,70
IR17-I-1-1-347,Uttarakhand,Kashipur,Indian Institute of Management Kashipur,72.76,1.47,60,70.17,0.72,41.36,71,52.98,51.91,72.17,66.37,30,54.67,70,24.33,66.89,54.61,19.51,44.89,71,20.08,77.61,36.99,0,43.96,71,62.39,50.51,34.26,66.66,56.15,9.9,45.36,71,50.51,34.26,66.66,56.15,9.9,45.36,71,54.05,25.8,85.7,53.73,15.04,47.97,71,67.43,18.61,87.02,54.62,5.01,49.17,71,71.49,38.33,61.26,64.14,1.41,51.75,71,74.43,27.91,65.77,62.66,25.46,52.67,71
IR17-I-2-18472,Tamil Nadu,Chennai,Sathyabama Institute of Science and Technology,42.32,22.17,65.64,77.13,11.08,41.3,72,44.1,47.74,69.08,64.91,73,54.66,71,23.6,69.63,44.79,6.51,44.88,72,12.55,60.17,71.18,0,43.68,72,69.21,56.13,35.12,57.57,58.38,5.57,45.29,72,56.13,35.12,57.57,58.38,5.57,45.29,72,53.96,35.16,70.09,57.15,14.24,47.9,72,57.76,30.74,67.91,66.08,23,49.04,72,65.48,38.39,61.96,70.37,10.87,51.68,72,60.52,41.01,62.97,63.43,30.47,52.44,72
IR17-I-2-18690,West Bengal,Howrah,"Indian Institute of Engineering Science and Technology, Shibpur",45.5,27.57,64.98,54.35,9.29,41.28,73,52.71,41.67,69.01,79.65,42,54.32,72,26.63,73.31,59.3,19.25,44.88,72,20.31,62.21,52.43,10.82,43.6,73,62.51,58.32,30.02,61.65,52.17,11.62,45.22,73,58.32,30.02,61.65,52.17,11.62,45.22,73,64.75,18.38,83.3,57.39,3.78,47.72,73,56.69,37.36,63.04,67.59,14.39,49.03,73,60.25,42.04,70.12,54.1,11.24,51.24,73,64.62,33.07,73.27,55.96,27.2,52.27,73
IR17-I-2-1-299,Karnataka,Mysore,Jagadguru Sri Shivarathreeshwara University,55.34,10.32,61.55,76.67,14.99,41.18,74,50.02,48.05,75.83,75.45,23,54.02,73,19.07,63.8,57.15,3.58,44.7,74,25.94,61.66,50.03,2.01,43.44,74,60.43,56.74,21.81,65.2,73.06,11.62,45.07,74,56.74,21.81,65.2,73.06,11.62,45.07,74,56.93,30.15,70.35,60.93,12.18,47.5,74,70.53,28.29,67.48,50.37,7.82,48.97,74,74.07,35.35,50.68,69.13,13.37,51.22,74,64.66,34.02,71.31,66.74,16.61,52.2,74
IR17-I-2-1-2813959492,Punjab,Patiala,Thapar University,39.35,29.05,70.16,49.1,13.17,40.78,75,46.77,56.85,81.69,55.36,23,53.91,74,19.74,56.22,40.93,3.19,44.66,75,2.12,58.65,50.06,10.5,43.24,75,82.71,55.4,24.41,67.59,67.94,5.57,44.81,75,55.4,24.41,67.59,67.94,5.57,44.81,75,66.33,26.31,63.36,55.83,9.57,47,75,67.16,32.85,62.14,64.76,0,48.92,75,68.05,32.99,67.59,45.27,27.37,51.1,75,68.49,33.71,70.1,67.04,6.07,51.99,75
IR17-I-2-30671,Maharashtra,Pune,Dr. D. Y. Patil Vidyapeeth Pune,64.52,4.9,60.27,65.47,11.61,40.59,76,43.98,41.32,73.89,66.09,75,53.69,75,12.61,61.03,49.95,43.66,44.46,76,8.04,65.06,41.03,2.01,43.21,76,78.3,60.49,19.51,77.03,50.12,2.18,44.64,76,60.49,19.51,77.03,50.12,2.18,44.64,76,52.26,36.84,68.43,57.1,6.29,46.76,76,54.39,25.74,84.77,58.63,16.92,48.54,76,65.88,35.3,73.76,51.91,7.82,51.07,76,57.6,40.69,76.94,52.76,17.96,51.96,76
IR17-I-2-18409,Meghalaya,Shillong,North Eastern Hill University,53.99,11.83,71.52,61.35,3.24,40.51,77,57.7,38.61,66.13,46.27,85,53.65,76,14.05,61.53,64.61,6.15,44.45,77,18.9,69.46,39.44,1.22,43.19,77,65.22,57.48,14.24,63.4,75.44,28.91,44.62,77,57.48,14.24,63.4,75.44,28.91,44.62,77,69.78,19.22,64.27,61.3,10.89,46.76,76,70.83,26.63,63.34,56.64,9.48,48.52,77,62.96,37.25,68.6,55.82,16.7,51.03,77,58.82,45.57,69.93,60.75,4.99,51.88,77
IR17-I-1-18628,Gujarat,Ahmedabad,Indian Institute of Technology Gandhinagar,59.15,17.34,51.27,63.65,9.24,40.48,78,47.15,62.91,79,54.79,12,53.37,77,22.97,63.44,52.92,7.56,44.35,78,22.73,67.06,54.72,6.11,43.16,78,56.18,54.39,25.23,64.17,63.76,14.35,44.53,78,54.39,25.23,64.17,63.76,14.35,44.53,78,53.54,19.68,82.46,74.59,4.8,46.39,78,56.02,32.49,70.37,66.02,11.7,48.4,78,69.14,31.99,65.96,67.87,6.2,50.94,78,71.66,34.73,55.04,73.95,14.36,51.77,78
IR17-I-2-1-336,Odisha,Bhubaneswar,Kalinga Institute of Industrial Technology,46.39,12.75,68.53,69.17,20.95,40.47,79,36.73,67.7,79.14,48.8,31,53.35,78,18.33,79.2,47.36,1.63,44.19,79,8.25,56.74,62.9,1.22,43.15,79,76.37,64.83,18.35,61.13,64.73,7.48,44.4,79,64.83,18.35,61.13,64.73,7.48,44.4,79,65.93,15.51,61.55,72.34,23.89,46.36,79,58.19,28.69,60.55,67.05,34.47,48.34,79,59.9,33.86,62.93,66.08,32.5,50.58,79,71.2,34.03,71.68,54.33,3.89,51.73,79
IR17-I-1-1-2811256746,Tamil Nadu,Kalavakkam,Sri Sivasubrmaniya Nadar College of Engineering,52.45,14.02,64.06,61.58,13.86,40.31,80,43.45,56.73,82.68,58.11,21,53.26,79,18.15,78.43,52.67,4.7,44.06,80,30.1,62.95,62.11,5.4,42.99,80,48.75,65.15,14.45,63.29,61.56,14.88,44.19,80,65.15,14.45,63.29,61.56,14.88,44.19,80,51.06,28.73,78.53,56.6,10.01,46.31,80,57.79,37.02,67.61,53.63,8.49,48.18,80,74.19,32.43,64.12,49.58,7.82,50.55,80,59.3,38.39,68.29,61.88,20.03,51.16,80
IR17-I-2-18214,Punjab,Ludhiana,Guru Angad Dev Veterinary & Animal Sciences University,71.99,10.08,56.99,40.19,0.59,40.1,81,48.23,41.22,86.82,61.99,38,52.64,80,29.38,74.72,54.02,5.8,43.69,81,28.03,49.87,45.12,16.18,42.98,81,61.57,47.55,27.51,63.87,65.97,20.7,43.95,81,47.55,27.51,63.87,65.97,20.7,43.95,81,55.16,22.52,82.54,55.95,7.26,46.15,81,70.64,20.55,63.6,62.36,18.53,48.17,81,61.3,39.4,67.32,57.14,10.5,50.43,81,72.79,37.6,60.95,50.75,6.42,51.03,81
IR17-I-2-18622,Telangana,Warangal,National Institute of Technology Warangal,46.02,17.53,68.74,64.94,7.43,40.05,82,50.24,53.01,67.05,75.26,12,52.58,81,9.43,61.03,72.88,3.19,43.65,82,12.61,63.9,65.69,0.81,42.8,82,65.29,50.05,30.59,61.27,62.07,12.73,43.93,82,50.05,30.59,61.27,62.07,12.73,43.93,82,57.72,32.56,61.8,48.1,18.81,46.14,82,53.93,39.03,68.88,55.67,9.15,48.15,82,58.02,42.66,69.7,52.47,10.13,50.41,82,61.82,40.52,66.99,58.09,11.05,51.01,82
IR17-I-2-1-344,Bihar,Patna,Indian Institute of Technology Patna,52.27,19.13,55.08,71.52,2.8,39.87,83,53.51,61.8,50.46,49.2,34,52.39,82,11.68,64.22,65.21,1.22,43.63,83,15.23,62.65,59.43,0,42.78,83,65.81,61.71,24.77,57.68,48.43,14.35,43.75,83,61.71,24.77,57.68,48.43,14.35,43.75,83,69.68,17.07,64.33,65.08,6.78,46.08,83,51.36,42.81,68.84,54.16,6.78,48.12,83,72.7,33.93,56.36,60.62,6.2,49.94,83,75.27,30.37,62.46,60.52,7.11,50.94,83
IR17-I-2-1-178,Himachal Pradesh,Solan,Dr. Y.S.Parmar University of Horticulture & Forestry,68.64,4.39,65.58,44.54,0.64,39.54,84,32.29,57.85,79.62,59.06,47,52.17,84,28.3,65.48,61.94,7.22,43.53,84,11.37,50.08,66.52,2.79,42.76,84,74.67,59.5,19.37,63.5,59.14,13.28,43.6,84,59.5,19.37,63.5,59.14,13.28,43.6,84,60.58,21.23,79.56,51.37,3.78,45.98,84,53.39,35.72,64.67,66.38,16.38,47.95,84,74,24.83,64.38,65.17,5.37,49.59,84,68.47,38.55,61.69,64.26,0.41,50.92,84
IR17-I-1-18703,Kerala,Kozhikode,Indian Institute of Management Kozhikode,58.19,6.11,60.86,71.74,5.73,39.2,85,37.52,45.97,70.43,60.73,80,51.92,85,29.47,56.97,44.88,23.47,43.49,85,2.64,70.63,54.04,1.22,42.55,85,73.71,40.78,28.63,76.11,53.77,17.89,43.21,85,40.78,28.63,76.11,53.77,17.89,43.21,85,57.67,27.88,66.39,64.32,4.8,45.85,85,64.84,18.62,83.31,59.33,2.77,47.91,85,59.05,36.3,63.32,70.64,11.96,49.52,85,72.19,26.47,65.82,66.64,13.78,50.8,85
IR17-I-2-18259,Uttar Pradesh,Gautam Budh Nagar,AMITY University,38.5,23.36,63.06,61.86,18.06,39.17,86,46.81,47.19,72.78,61.03,34,51.5,86,29.05,48.92,42.77,24.17,43.41,86,31.78,70.3,48.22,7.17,42.36,86,44.09,55.37,18.13,58.69,50.17,43.26,43.14,86,55.37,18.13,58.69,50.17,43.26,43.14,86,64.36,26.23,60.4,61.19,4.3,45.81,86,70.55,29.68,49.57,69.59,9.48,47.89,86,70.8,19.35,79.51,57.96,7.02,49.45,86,59.65,37.73,69.12,58.36,12.59,50.14,86
IR17-I-1-12080,Tamil Nadu,Thanjavur,Indian Institute of Crop Processing Technology,62.29,1.56,60.86,76.83,1.42,39.15,87,46.73,52.37,66.9,55.69,37,51.08,87,11.67,84.87,72.01,4.33,43.22,87,26.49,69.92,49.6,14.76,42.36,86,46.64,39.94,30.1,72.4,58.18,17.89,43.1,87,39.94,30.1,72.4,58.18,17.89,43.1,87,53.01,15.98,84.96,75.83,5.31,45.8,87,54.75,27.23,77.53,62.47,12.01,47.55,87,72.95,23.43,74.91,52.72,2.32,49.4,87,71.09,24.66,78.84,52.57,3.52,50.11,87
IR17-I-1-2811179135,Tamil Nadu,Coimbatore,PSG College of Technology,45.79,14.34,61.11,62.6,25.48,39.07,88,49.21,50.65,72.09,67.19,0,50.65,88,11.42,64.49,60.23,13.66,42.89,88,13.43,70.21,43.1,5.03,42.34,88,64.85,47.86,28.49,67.68,54.77,11.06,43.04,88,47.86,28.49,67.68,54.77,11.06,43.04,88,63.33,24.04,65.24,52.47,12.6,45.77,88,70.37,21.34,64.97,64.61,5.01,47.46,88,72.12,27.45,62.81,56.24,9.37,48.98,88,73.14,19.42,78.02,59.08,7.45,50.03,88
IR17-I-2-18508,Rajasthan,Banasthali,Banasthali Vidyapith,37.11,9.99,82.16,74.26,7.46,38.74,89,48.74,47.61,67.42,51.75,41,50.64,89,6.91,56.41,57.5,2.02,42.36,89,3,64.64,53.34,0.41,42.33,89,77.09,53.36,29.01,59.42,53.63,9.9,42.94,89,53.36,29.01,59.42,53.63,9.9,42.94,89,68.42,17.66,64.52,62.17,7.26,45.68,89,57.45,22.95,64.11,69.99,33.38,47.29,89,54.64,39.24,68.7,65.98,4.52,48.95,89,68.83,34.96,52.52,63.68,19,49.91,89
IR17-I-2-18580,Maharashtra,Pune,Bharati Vidyapeeth,48.43,12.95,55.18,62.17,30.64,38.73,90,46.62,56.15,67.8,65.62,6,50.55,90,16.46,71.53,53.45,7.22,42.22,90,5.05,69.03,61.36,12.38,41.95,90,64.14,54.74,29.92,53.67,47.8,18.85,42.79,90,54.74,29.92,53.67,47.8,18.85,42.79,90,59.71,27.49,63.29,50.67,16.97,45.59,90,51.12,34.57,72.25,56.11,10.45,46.81,90,58.34,22.05,66.49,72.84,39.72,48.66,90,71.35,21.13,70.62,71.43,8.46,49.85,90
IR17-I-2-18474,Tamil Nadu,Chennai,Saveetha Institute of Medical and Technical Sciences,51.11,11.81,57.85,76.63,5.81,38.68,91,28.7,50,92.06,47.01,59,50.33,91,20.52,61.36,52.28,15.42,42.11,91,14.16,82.05,66.66,4.3,41.88,91,47.08,55.53,16.31,74.61,51.63,11.62,42.79,90,55.53,16.31,74.61,51.63,11.62,42.79,90,51.72,38.69,60.72,56.19,3.78,45.27,91,47.35,37.34,67.86,58.25,19.31,46.73,91,67.46,22.62,67.73,71.19,9.37,48.64,91,51.46,39.42,79.4,50.16,16.61,49.83,91
IR17-I-2-1-33,Tamil Nadu,Annamalainagar,Annamalai University,39.03,26.87,68.64,47.19,3.67,38.59,92,41.3,48.26,61.61,67.57,45,50.22,92,3.16,60.57,59.48,0.82,41.73,92,7.95,58.9,47.51,3.93,41.73,92,74.76,51.21,19.87,79.19,50.61,5.57,42.78,92,51.21,19.87,79.19,50.61,5.57,42.78,92,65.25,23.54,59.6,65.38,1.12,45.21,92,58.85,34.69,61.46,57.77,3.53,46.48,92,50.88,43.7,69.93,56.42,5.37,48.55,92,64.43,19.54,88.25,58.88,10.73,49.8,92
IR17-I-2-18607,Kerala,Calicut,Calicut University,50.3,8.81,72.68,57.08,4.74,38.45,93,45.23,39.29,65.99,73.81,46,50.14,93,28.96,64.01,47.7,12.14,41.59,93,16.06,61.04,55.26,14.76,41.71,93,58.92,47.28,32.31,64.18,52.84,6.85,42.68,93,47.28,32.31,64.18,52.84,6.85,42.68,93,64.9,19.12,74.83,46.63,2.74,45.11,93,71.27,14.78,69.8,55.16,10.45,46.33,93,57.81,32.74,71.05,57.97,11.24,48.29,93,61.34,31.31,68.96,72.96,9.13,49.79,93
IR17-I-2-1-448,Mizoram,Aizwal,Mizoram University,52.31,5.27,70.52,69.93,0.03,38.36,94,52,49.66,54.04,59.65,34,50.04,94,26.88,64.8,47.56,14.84,41.42,94,29.21,48.45,34.45,26.3,41.63,94,57.01,63.31,14.77,63.13,60.92,4.24,42.56,94,63.31,14.77,63.13,60.92,4.24,42.56,94,63.53,20.75,64.7,61.38,5.8,44.94,94,63.47,24.45,68.37,51.8,10.45,46.26,94,67.97,17.53,81.99,57,4.09,48.16,94,71.11,26.15,73.3,57.54,1.6,49.75,94
IR17-I-2-1-373,Haryana,Kurushetra,Kurukshetra University,43.43,13.44,79.64,50.37,2.33,38.26,95,38.75,49.01,64.45,66.6,44,49.66,95,18.96,64.62,53.19,3.58,41.21,95,19.19,61.91,46.95,14.46,41.41,95,57.09,63.32,16.64,63.32,54.77,2.88,42.42,95,63.32,16.64,63.32,54.77,2.88,42.42,95,56.2,23.15,70.31,64.28,4.3,44.73,95,65.26,24.23,59.23,65.34,9.48,46.18,95,71.43,25.51,59.74,66.79,4.09,48.12,95,72.53,26.72,65.25,64.41,3.89,49.66,95
IR17-I-2-10933,Uttar Pradesh,Chithera,Shiv Nadar University,59.15,9.43,47.7,73.23,5.24,37.95,96,38.67,46.65,77.95,64.66,35,49.514,96,12.25,59.12,41.45,7.22,41.2,96,17.22,62.43,51.12,12.07,40.74,96,55.86,49.58,19.08,78.35,47.78,7.48,41.79,96,49.58,19.08,78.35,47.78,7.48,41.79,96,53.14,30.69,63.87,52.73,15.04,44.69,96,56.15,17.82,86.24,56.27,7.82,45.86,96,72.73,22.22,62.46,62.99,8.21,48.1,96,56.19,28.34,65.44,74.23,37.84,49.65,96
IR17-I-2-21078,Maharashtra,Pune,Symbiosis International University,44.8,8.92,60.44,80.33,14.31,37.67,97,43.4,49.06,71.34,50.18,43,49.511,97,20.74,59.13,53.26,19.25,40.99,97,5.83,50.15,69.66,2.4,40.72,97,72.43,49.51,26.16,73.81,36.58,6.22,41.74,97,49.51,26.16,73.81,36.58,6.22,41.74,97,56.69,19.48,60.48,65.01,31.99,44.65,97,50.45,17.72,84.22,77.31,8.15,45.85,97,64.38,17,82.97,65,2.32,47.73,97,53.21,45.07,70.76,54.17,4.63,49.51,97
IR17-I-2-18634,Madhya Pradesh,Bhopal,"Indian Institute of Science Education & Research, Bhopal",46.13,18.21,53.21,70.78,3,37.32,98,29.71,55.27,78.24,61.62,35,49.41,98,8.73,49.52,66.05,4.33,40.92,98,13.77,66.09,51.58,2.01,40.66,98,59.83,45.31,29.28,64.48,57.03,7.48,41.72,98,45.31,29.28,64.48,57.03,7.48,41.72,98,58.7,17.38,74.73,57.04,10.45,44.53,98,68.85,18.53,62.74,62.9,7.82,45.84,98,66.96,15.83,71.49,72.19,11.96,47.56,98,63.48,33.8,64.04,66.76,7.11,49.38,98
IR17-I-1-18710,Meghalaya,Shillong,Rajiv Gandhi Indian Institute of Management,61.42,1.89,60,62.21,0.57,37.28,99,44.1,38.54,79.51,69.04,27,49.24,99,9.31,48.61,66.11,6.51,40.88,99,24.36,62.94,44.19,18.88,40.53,99,47.72,48.12,22.64,64.22,52.45,21.15,41.43,99,48.12,22.64,64.22,52.45,21.15,41.43,99,56.66,10.45,78.36,75.42,11.75,44.52,99,60.63,14.58,63.6,66.22,38.4,45.74,99,69.57,20.49,60,66.08,19.19,47.55,99,67.91,18.82,70.37,71.73,18.48,49.11,99
IR17-I-2-1-N002,Karnataka,Belagavi,KLE Academy of Higher Education and Research,64.13,4.9,49.61,65.54,0.69,37.25,100,39.97,56.55,78.3,51.32,17,49.09,100,8.01,62.85,44.12,2.02,40.88,99,24.12,62.86,48.83,15.04,40.52,100,47.77,64.06,10.35,60.07,66.19,1.46,41.1,100,64.06,10.35,60.07,66.19,1.46,41.1,100,58.94,27.28,61.1,58.36,4.3,44.35,100,52.14,18.96,67.2,69.84,39.05,45.65,100,61.51,29.46,69.58,59.86,2.32,47.43,100,69.14,25.45,58.25,69.89,20.28,49.04,100
